original,translated
Unvorhergesehener Absturz der Datenanalyse-Plattform,Unexpected end of data analysis platform
Customer Support Inquiry,Customer Support Inquiry
Data Analytics for Investment,Data Analytics for Investment
Krankenhaus-Dienstleistung-Problem,Hospital Service Problem
Security,Security
Concerns About Securing Medical Data on 2-in-1 Convertible Laptop with Norton 360,Concerns About Securing Medical Data on 2-in-1 Convertible Laptop with Norton 360
Ratung für Sicherung medizinischer Daten in HubSpot CRM PostgreSQL-Umgebungen,Advice for the protection of medical data in HubSpot CRM PostgreSQL environments
Problem with Integration,Problem with Integration
Assistance Request,Request Help
Support Request,Request Support
Issue with Data Analytics Platform - Insufficient RAM Allocation,Issue with Data Analytics Platform - Insufficient RAM Allocation
Reported Issue with Project Sync Resulting in Data Loss,Reported Issue with Project Sync Resulting in Data Loss
Strategies for Brand Expansion,Strategies for Brand Expansion
Issue with Website Analytics Dashboard,Issue with Website Analytics Dashboard
Urgent: Data Breach Identified in Hospital Network,Urgent: Data Breach Identified in Hospital Network
Request for Assistance with Data Integration,Request for Assistance with Data Integration
Request for Updating Integration Features on Mobile,Request for Updating Integration Features on Mobile
Problem with Data Analytics Software Frequent Crashes,Problem with Data Analytics Software Frequent Crashes
Urgent: Identification of a Data Breach within the Patient Records System,Urgent: Identification of a Data Breach within the Patient Records System
[NO_SUBJECT],[NO_SUBJECT]
Notwendige Technische Unterstützung,Necessary technical support
Urgent: Update Encryption Protocols for JIRA and HubSpot CRM Systems,Urgent: Update Encryption Protocols for JIRA and HubSpot CRM Systems
Guidelines for Securing Medical Data on macOS Systems with Symantec Endpoint Protection,Guidelines for Securing Medical Data on macOS Systems with Symantec Endpoint Protection
Problem with Software Update,Problem with Software Update
Slowness observed in the data analytics platform,Slowness observed in the data analytics platform
Verlust medizinischer Daten gemeldet,Loss of medical data reported
Best Practices for Securing Medical Data with Snagit and KNIME,Best Practices for Securing Medical Data with Snagit and KNIME
Guidance on Optimizing Investment Strategies Using Data Analytics,Guidance on Optimizing Investment Strategies Using Data Analytics
Requirements for Wave Integration with Outlook 2021,Requirements for Wave Integration with Outlook 2021
Issue Regarding Encryption,Issue Regarding Encryption
Problem with Invoice,Problem with Invoice
Anfrage für technischen Support,Application for technical support
Enquiries on Shopware Integrations with Google Cloud and Microsoft Azure,Enquiries on Shopware Integrations with Google Cloud and Microsoft Azure
Enhancing Security for Medical Data Transmission Systems,Enhancing Security for Medical Data Transmission Systems
Expansion of Digital Brand,Expansion of Digital Brand
Support for Data Analytics Platform Crash,Support for Data Analytics Platform Crash
Tech Support Inquiry,Tech Support Inquiry
Problems with SaaS-Tools Integration,Problems with SaaS-Tools Integration
Support for Expanding a Brand,Support for Expanding a Brand
Update Integration Settings for Compatibility,Update Integration Settings for Compatibility
Notwendige technische Unterstützung,Necessary technical support is needed. . . . . . . . . . . . . . . . . . . . . . . . . . . . . . . . . . . . . . . . . . . . . . . . . . . . . . . . . . . . . . . . . . . . . . . . . . . . . . . . . . . . . . . . . . . . . . . . . . . . . . . . . . . . . . . . . . . . . . . . . . . . . . . .
Digital Campaign Synchronization Problem Noted,Digital Campaign Synchronization Problem Noted
Support Needed,Support Needed
Support Request for Data Breach Issue,Support Request for Data Breach Issue
Support Inquiry for Invoice Management,Support Inquiry for Invoice Management
Support for Digital Marketing,Digital Marketing Support
Technische Probleme,Technical problems
Medical Support,Medical Support
Aid for Issues with Website Performance,Aid for Issues with Website Performance
Technical Help,Technical Help
Problem with SQL Server Downtime,Problem with SQL Server Downtime
Strategies for Enhancing Digital Brand Growth,Strategies for Enhancing Digital Brand Growth
Support for QuickBooks,Support for QuickBooks
Support Required,Support Required
Concerns with Data Analytics,Concerns with Data Analytics
Bericht über einen Fehler in der Datenaufbereitungsoberfläche,Report of an error in the data preparation area
Digital Strategies for Growth,Digital Strategies for Growth
Support Inquiry,Support Inquiry
System Requirements,System Requirements
Inquiry on System Requirements for Project Management SaaS,Inquiry on System Requirements for Project Management SaaS
Customer Support,Customer Support
Continuous Issues with Online Product Display,Continuous Issues with Online Product Display
Verbesserung des Projekt-Managements mit Ubuntu 20.04 LTS und Redis 6.2,Improve project management with Ubuntu 20.04 LTS and Redis 6.2
Problem bei der medizinischen Scanner-Bearbeitung,Problem with the medical scanner-processing system. . . . . . . . . . . . . . . . . . . . . . . . . . . . . . . . . . . . . . . . . . . . . . . . . . . . . . . . . . . . . . . . . . . . . . . . . . . . . . . . . . . . . . . . . . . . . . . . . . . . . . . . . . . . . . . . . . . . . . . . . . . .
Problem with Campaign Launch,Problem with Campaign Launch
Problem with Project Management Dashboard,Problem with Project Management Dashboard
Django ElasticSearch HIPAA Compliance Issue,Django ElasticSearch HIPAA Compliance Issue
Support Request: Medical Data Encryption Issue,Support Request: Medical Data Encryption Issue
Security of Medical Data,Security of Medical Data
Assistance Needed,Assistance Needed
Fehler in den Investment-Modellierungs-Ausgaben,Error in investment modelling output
Request for Updating Product Details and Integration Options,Request for Updating Product Details and Integration Options
Benachrichtigung über unbefugten Zugriff auf Server,Cannot initialise Evolution's mail component.
Unterstützung bei digitale Kampagnen,Digital Campaign Support
Assistance Required,Need assistance: . . . . . . . . . . . . . . . . . . . . . . . . . . . . . . . . . . . . . . . . . . . . . . . . . . . . . . . . . . . . . . . . . . . . . . . . . . . . . . . . . . . . . . . . . . . . . . . . . . . . . . . . . . . . . . . . . . . . . . . . . . . . . . . . . . .
Data Breach Incident,Data Breach Incident
Frage zur Anpassbaren Digitalen Strategie-Dienstleistung,Question of the Adaptable Digital Strategy Service (DSP) . . . . . . . . . . . . . . . . . . . . . . . . . . . . . . . . . . . . . . . . . . . . . . . . . . . . . . . . . . . . . . . . . . . . . . . . . . . . . . . . . . . . . . . . . . . . . . . . . . . . . . . . . . . . . . . . . . . . . . . . . .
Investment Data Analytics Platform Crash,Investment Data Analytics Platform Crash
Boost Data Analytics Support,Boost Data Analytics Support
Request for Updated Hardware and Software Compatibility,Request for Updated Hardware and Software Compatibility
Security Measures for Medical Data in Hospital Infrastructure,Security Measures for Medical Data in Hospital Infrastructure
Aktualisierung der Datenbank-Clusterverwaltungskonfiguration,Update database cluster management configuration
Frage zum Einsatz von Elasticsearch in Xero und Microsoft-Produkten,Question about the use of Elasticssearch in Xero and Microsoft-Products in Xero . . . . . . . . . . . . . . . . . . . . . . . . . . . . . . . . . . . . . . . . . . . . . . . . . . . . . . . . . . . . . . . . . . . . . . . . . . . . . . . . . . . . . . . . . . . . . . . . . . . . . . . . . . . . . . . . . . . . . . . . . . . . . . . . . . . .
Support for Security Concern,Support for Security Concern
Verfügbare Integrationsoptionen für QuickBooks Online,Available integration options for QuickBooks Online
Identifying Issues with Campaign Engagement,Identifying Issues with Campaign Engagement
Support for Project Management SaaS Application Issues,Support for Project Management SaaS Application Issues
Update project software dashboard,Update project software dashboard
Securing Medical Data on a WordPress Healthcare Site,Securing Medical Data on a WordPress Healthcare Site
Report on System Outage: Impact on Medical Data Security,Report on System Outage: Impact on Medical Data Security
Jenkins Data Analytics Inquiry,Jenkins Data Analytics Inquiry
Request for DataRobot Integration,Request for DataRobot Integration
Invoicing Discrepancy Inquiry,Invoicing Discrepancy Inquiry
Sicherheit,Security
Integration von ESET NOD32,Integration of ESET NOD32 . . . . . . . . . . . . . . . . . . . . . . . . . . . . . . . . . . . . . . . . . . . . . . . . . . . . . . . . . . . . . . . . . . . . . . . . . . . . . . . . . . . . . . . . . . . . . . . . . . . . . . . . . . . . . . . . . . . . . . . . . . .
Rechnungsfehler,Billing error
Verschiedene Kampagnen-Metriken,Various campaign metrics
Enhancement Strategies,Strategy Extensions
Urgent Assistance Required,Urgent Assistance Necessary
Investment Analytics Tools,Investment Analytics Tools
Product Licenses Missing,Product Licenses Missing
Strategies for Expanding Online Presence with Magento 2.4,Strategies for Expanding Online Presence with Magento 2.4
Enhancing Investment Data Analytics,Enhancing Investment Data Analytics
Inquiry on System Requirements for SaaS Project Management Tool,Inquiry on System Requirements for SaaS Project Management Tool
Project Syncing Issue Encountered,Project Syncing Issue Encountered
Needed: Support for Server Issues,Needed: Support for Server Issues
Issue with Overcharged Subscription Services,Issue with Overcharged Subscription Services
Services in Data Analytics,Services in Data Analytics
Assistance Requested for Data Encryption Issue,Assistance Requested for Data Encryption Issue
Potential Data Breach in Healthcare IT,Potential Data Breach in Healthcare IT
Anfrage zur Behebung eines Verbindungsaufschluss-Fehlers bei der Website-Analytics-Platteform,Request for a connection closure error on the website Analytics platform
Support Request for Encrypted Medical Data Issue,Support Request for Encrypted Medical Data Issue
Advice on Securing Medical Data,Advice on Securing Medical Data
Probleme mit den Datenanalyse-Dashboards,Problems with data analysis boards
Netzwerkverbindung fiel während der Datenanalyse aus,Network connection failed during data analysis
Enhanced Security Protocols for Medical Data,Enhanced Security Protocols for Medical Data
Request for Overview of Scalable SaaS Features for Project Management,Request for Overview of Scalable SaaS Features for Project Management
Pilz auf Medizinische Datensicherheit,Pill on Medical Data Security
Support Request for Data Optimization and Investment Strategies,Support Request for Data Optimization and Investment Strategies
Support Enquiry for Medical Data Breach,Support Enquiry for Medical Data Breach
Inquiry Regarding Necessary System Specifications for Peak Device Functionality,Inquiry Regarding Necessary System Specifications for Peak Device Functionality
Choices for HR Training,Choices for HR Training
Modification Required,Change Required
Recurring Connection Problems with SaaS Application Across Various Devices,Recurring Connection Problems with SaaS Application Across Various Devices
Digital Mark Growth Strategy,Digital Mark Growth Strategy
Support for Investment Optimization and Data Analysis,Support for Investment Optimization and Data Analysis
Verbessern Sie die Benutzeroberfläche für eine erweiterte Projektwerkflows-Visualisierung,Improve the user interface for an extended projectflows visualization
Problem with Data Analytics Dashboard Performance,Problem with Data Analytics Dashboard Performance
Probleme mit den Social-Media-Verfolgungsdaten,Problems with social media tracking data
Update Integration Features,Update Integration Features
Technical Assistance,Technical Assistance
Assistance with Declining Website Traffic,Assistance with Declining Website Traffic
Guide for Integrating Joomla SaaS Project Management Solution,Guide for Integrating Joomla SaaS Project Management Solution
Urgency in Enhancing Encryption for Medical Data Protection,Urgency in Enhancing Encryption for Medical Data Protection
Handbuch,Handbook
Upgrade Medical Data Security Protocols,Update Medical Data Security Protocols
Investment Analysis Platform Data Output Issues,Investment Analysis Platform Data Output Issues
Support for SQL Server,SQL Server Support
Concerns Regarding Engagement Metric Reduction,Concerns Regarding Engagement Metric Reduction
Problem with Data Analytics,Problem with Data Analytics
Assistance with Technical Issue,Assistance with Technical Issue
Assistance with Security Issues,Assistance with Security Issues
Advice for Enhancing,Advice for Enhancing
Problem with Software Updates Today,Problem with Software Updates Today
Concern About Project Schedule,Concern About Project Schedule
Projekt-Timeline-Problematik,Project Timeline Problem
Sicherheitslücke in Krankenhaus-System,Safety accidents in the hospital system
Hilfe bei der MySQL-Integration für SaaS-Projektmanagement-Software,Help with MySQL integration for SaaS project management software
Unintended Loss of Campaign Data Following Node.js Update,Unintended Loss of Campaign Data Following Node.js Update
Investment Prognoseunterschied Problem,Investment Prognosis issue
Technische Problematik,Technical problems
Strategien für Markenwachstum im Digitalland,Market growth strategies in the digital country
Inquiry regarding available digital strategy packages,Inquiry regarding available digital strategy packages
Optimierung von Investitionen mit DataRobot,Optimisation of investments with DataRobot
Strategien für den Markenwachstum,Market growth strategies
Problem with Data Access,Problem with Data Access
Sachverhalt,Case-law
Enquire About Integrating Airtable with Cassandra,Enquire About Integrating Airtable with Cassandra
Problem with Metrics of Digital Campaign,Problem with Metrics of Digital Campaign
Finanzfirma Datensynchronisationsprobleme bei Investitionsanalyse aufgrund Netzwerkunstabilität,Financial firm data synchronization problems in investment analysis due to network instability
Data Analytics Tools Inquiry,Data Analytics Tools Inquiry
Frage zur Digitalisierung von Smart Home Produkten,Question about digitalization of Smart Home products
Notwendige Unterstützung bei Sicherheitsverstoß,Necessary support in the event of security loss
Aid Required for Project,Aid Required for Project
Investment Optimization Services Inquiry Today,Investment Optimization Services Inquiry Today
Request for Enhancing Maintenance Schedule for Better Performance,Request for Enhancing Maintenance Schedule for Better Performance
Hilfe bei der Integration von Microsoft Office 365,Support for the integration of Microsoft Office 365
Technische Anomalie,Technical Anomalies
Healthcare Access Concern,Healthcare Access Concern
Issue Notification,WarningIsue Notification
Guidance on Securing Medical Data with Snagit and KNIME,Guidance on Securing Medical Data with Snagit and KNIME
Enhancing Firm's Investment Portfolio Strategies,Enhancing Firm's Investment Portfolio Strategies
Concern Regarding Data Analytics Tools Performance,Concern Regarding Data Analytics Tools Performance
Technische Anliegen,Technical information
Guidelines for Securing Medical Data in OBS Studio Software,Guidelines for Securing Medical Data in OBS Studio Software
Inquiry on Digital Strategies for Brand Growth,Inquiry on Digital Strategies for Brand Growth
Concern Regarding Data Encryption,Concern Regarding Data Encryption
Urgent Assistance Required for Medical Data Breach Incident,Urgent Assistance Required for Medical Data Breach Incident
Strategies for Digital Brand Growth with SQL Server 2019,Strategies for Digital Brand Growth with SQL Server 2019
Growth,Growth
Problem with Payment,Problem with Payment
Investment Support,Investment Support
Informationen über die Kostenstruktur für die Hemingway-Editor-Integration,Information on the cost structure for Hemingway Editor Integration
Incident of Data Breach in Hospital Systems,Incident of Data Breach in Hospital Systems
Technische Unterstützung,Technical support
Request for Data Analytics Solutions to Optimize Investment Strategies,Request for Data Analytics Solutions to Optimize Investment Strategies
Support from Customer,Support from Customer
Support,Support
Support for Corrupted USB-Stick,Support for Corrupted USB-Stick
Tools für Datenanalyse in QuickBooks Online,Tools for data analysis in QuickBooks Online
Seeking Recommendations for Data Analytics Tools for Investment Optimization,Seeking Recommendations for Data Analytics Tools for Investment Optimization
Support for Docker,Docker Support
Available Digital Strategy Options for Brand Growth,Available Digital Strategy Options for Brand Growth
Enquiry on Integrating Data Analytics Tools with Investment Software,Enquiry on Integrating Data Analytics Tools with Investment Software
Bericht über Absturz des Crash-Issue-Tools,Crash Issue tool crash report
Enhancing Investment Portfolio Optimization,Enhancing Investment Portfolio Optimization
Unvereinbare Kosten für Datenanalyse identifiziert,Inadmissible costs for data analysis identified
Informationen über integrierbare Analysewerkzeuge mit SAP ERP,Information on integrated analytical tools with SAP ERP
Trouble with Project Management Application,Trouble with Project Management Application
Problem with Data Analytics Software Setup,Problem with Data Analytics Software Setup
Problem with Website Loading Speed,Problem with Website Loading Speed
Modify My Profile,Edit My Profile
Problem mit der Docker-Aktualisierung,Problem with docking update
Sudden failure of Discord Moodle integration,Sudden failure of Discord Moodle integration
Inquiry About Scalability Features in Project Management SaaS,Inquiry About Scalability Features in Project Management SaaS
Enhancing Security for Medical Data,Enhancing Security for Medical Data
Request for Robust Encryption Implementation,Enquiry for robust Encryption Implementation
Concerning Performance,Concerning Performance
Support for Smart Tracker Investment Analytics,Support for Smart Tracker Investment Analytics
Enquiry on Tools for Optimizing Investment Portfolios for High Returns,Enquiry on Tools for Optimizing Investment Portfolios for High Returns
Hilfe bei digitalen Wachstumsstrategien erforderlich,Assistance in digital growth strategies is needed
Medical Data Security,Medical Data Security
Problem with Investment Analysis Dashboard,Problem with Investment Analysis Dashboard
Details zu Integrationsoptionen für Microsoft Teams in Projektmanagement-SaaS,Details about integration options for Microsoft teams in project management-SaaS
Ensuring the Security of Medical Data,Ensuring the Security of Medical Data
Problem mit Scanner-Synchronisation,Problem with scanner synchronization
Probleme bei der Zugriffssteuerung auf Arztakte,Problems with access control on medicinal products
Technical Support,Technical Support
Assistance with SaaS Project Management Commands,Assistance with SaaS Project Management Commands
Google Cloud Support,Google Cloud Support
Bericht über Software-Arbeitsstörung,Report on loss of software
Misleading Invoices,Misleading Invoices
Unforeseen Costs on My Subscription Plan This Day,Unforeseen Costs on My Subscription Plan This Day
Request for Data Analytics Support,Request for Data Analytics Support
Boosting Brand Expansion Through Digital Tactics,Boosting Brand Expansion Through Digital Tactics
Support Request for Data Analytics Tools Integration with QuickBooks Online,Support Request for Data Analytics Tools Integration with QuickBooks Online
Support for DataRobot Integration Documentation,Support for DataRobot Integration Documentation
Problem with Data Visualization Feature,Problem with Data Visualization Feature
Enhancing Investment Decisions Through Data Analytics,Enhancing Investment Decisions Through Data Analytics
Problem with Data Processing,Problem with Data Processing
Concerns About Medical Data Security,Concerns About Medical Data Security
Problem with Analytics Dashboard,Problem with Analytics Dashboard
Request for Updating Marketing Campaign,Request for Updating Marketing Campaign
Fehler in der Datenverschlüsselung,Data encryption error
Consent for Data Utilization,Consent for Data Utilization
Langsame Leistung bei Projektmanagement-SaaS,Long-term performance at project management SaaS
Problem with the Home Page of the Website,Problem with the Home Page of the Website
Enquiry on Data Analytics Services for Investment Strategies,Enquiry on Data Analytics Services for Investment Strategies
Versicherung medizinischer Daten in Scrivener Shopware,Medical data insurance in Writeener Shopware
Sicherung medizinischer Daten in Krankenhäusern,Safety of medical data in hospitals
Support Request Submited,Support Request Submitd
Report on Compatibility Issues with ClickUp,Report on Compatibility Issues with ClickUp
Skalierbare Funktionalitäten für Projektmanagement,Scalable features for project management
Sicherheitsmaßnahmen für medizinische Datenlagerungen,Safety measures for medical data storage
Verbessern der digitalen Marketingstrategie bitte,Please improve the digital marketing strategy
Probleme bei der Synchronisation des Scanners mit SAP ERP-System,Problems with the synchronization of the scanner with SAP ERP system
Concerning Systems Security,Concerning Systems Security
Support Needed for Application Crashes,Support Needed for Application Crashes
Reported Medical Data Breach Incident,Reported Medical Data Breach Incident
SAP ERP Central Component 6.0 Integration Inquiry,SAP ERP Central Component 6.0 Integration Inquiry
Issue with Financial Tool Processing Data Analytics,Issue with Financial Tool Processing Data Analytics
Project Dashboard Loading Issue,Project Dashboard Loading Issue
Fehler beim Projekt-Sync heute vollständig misslungen,A project sync error has occurred today
Problem with Data Accuracy in Investment Analytics Dashboard,Problem with Data Accuracy in Investment Analytics Dashboard
Fehlerbericht,Error report
Guide for Integrating SendGrid SaaS,Guide for Integration SendGrid SaaS
Inquiry About Upcoming Features for Project Management SaaS,Inquiry About Upcoming Features for Project Management SaaS
Act Now to Upgrade Data Analytics Tools,Act Now to Upgrade Data Analytics Tools
Protecting Medical Information,Protecting Medical Information
Request for Adjustment of Billing for Marketing Services,Request for Adjustment of Billing for Marketing Services
Azure SQL Pricing Plans Inquiry,Azure SQL Pricing Plans Inquiry . . . . . . . . . . . . . . . . . . . . . . . . . . . . . . . . . . . . . . . . . . . . . . . . . . . . . . . . . . . . . . . . . . . . . . . . . . . . . . . . . . . . . . . . . . . . . . . . . . . . . . . . . . . . . . . . . . . . . . . . . .
QuickBooks Support,QuickBooks Support
Problem Regarding the Launch of Digital Marketing Campaigns,Problem Regarding the Launch of Digital Marketing Campaigns
Medizinische Datenverletzung durch unverschlüsselte Git-Repository-Daten,Medical data loss due to unencrypted Git repository data (Git-repository data) . . . . . . . . . . . . . . . . . . . . . . . . . . . . . . . . . . . . . . . . . . . . . . . . . . . . . . . . . . . . . . . . . . . . . . . . . . . . . . . . . . . . . . . . . . . . . . . . . . . . . . . . . . . . . . . . . . . . . . . . . . . . . . . . . .
Request for Security Measures on Medical Data,Request for Security Measures on Medical Data
Request for Security Support,Request for Security Support
Trouble with Software,Trouble with Software
Improvement in MongoDB 4.4 for Marketing Analytics,Improvement in MongoDB 4.4 for Marketing Analytics
Inquiry on Data Analytics Tools for Drupal Integration,Inquiry on Data Analytics Tools for Drupal Integration
Data Loss Issue,Data Loss Issue
Incident of Software Crashing,Incident of Software Crashing
Request for a Novel Data Visualization Tool,Request for a Novel Data Visualization Tool
Strategies for Brand Growth Have Hit a Standstill,Strategies for Brand Growth Have Hit a Standstill
Digital Support,Digital Support
Unerwartete Gebühren auf Rechnung,Unexpected fees on account
Datenschutz und Verschlüsselungsmethoden benötigt,Data protection and encryption methods are required. . . . . . . . . . . . . . . . . . . . . . . . . . . . . . . . . . . . . . . . . . . . . . . . . . . . . . . . . . . . . . . . . . . . . . . . . . . . . . . . . . . . . . . . . . . . . . . . . . . . . . . . . . . . . . . . . . . . . . . . . . . .
Support for Financial Firms' Analytics Tools,Support for Financial Firms' Analytics Tools
Problem with Medical Scanner - Firmware Outdated,Problem with Medical Scanner - Firmware Outdated
Technical Problem,Technical Problem
Digital Marketing Strategies,Digital Marketing Strategies (MCT) . . . . . . . . . . . . . . . . . . . . . . . . . . . . . . . . . . . . . . . . . . . . . . . . . . . . . . . . . . . . . . . . . . . . . . . . . . . . . . . . . . . . . . . . . . . . . . . . . . . . . . . . . . . . . . . . . . . . . . . . . . . .
Update Marketing Strategies,Update Marketing Strategies
Kundenservice,Customer service: . . . . . . . . . . . . . . . . . . . . . . . . . . . . . . . . . . . . . . . . . . . . . . . . . . . . . . . . . . . . . . . . . . . . . . . . . . . . . . . . . . . . . . . . . . . . . . . . . . . . . . . . . . . . . . . . . . . . . . . . . . . . . .
Medical Data Problem,Medical Data Problem
Problem with Digital Campaign Metrics,Problem with Digital Campaign Metrics
Data Protection,Data Protection
Query on SaaS Project Management Tool,Query on SaaS Project Management Tool
Safekeeping of Medical Data,Safekeeping of Medical Data
Issue with Software Integration,Issue with Software Integration
Problem with Investment Analysis Tool,Problem with Investment Analysis Tool
Healthcare Data Security Solutions,Healthcare Data Security Solutions
Digital Marketing,Digital Marketing
Health Data Encryption Problem,Health Data Encryption Problem
Systemausfall des Verschlüsselungsprozesses im Medizindaten-System,System failure of the encryption process in the medical data system
Enhancing Brand Expansion for Various Products Over the Internet,Enhancing Brand Expansion for Various Products Over the Internet
Enhance Brand Expansion,Enhance Brand Expansion
Integration von MATLAB in Smartsheet für medizinische Datenanalyse,Integration of MATLAB into Smartsheet for Medical Data Analysis
Kritisches Problem bezüglich Datensicherheit,Critical Problem With regard to Data Security
Verfügbare Analysetools für Sage Accounting bei Investitionsoptimierung,Available analysis tools for Sage Accounting at Investment Optimisation
Issues with Multiple Integrations Owing to Server Overload,Issues with Multiple Integrations Owing to Server Overload
Request for QuickBooks Online Support,Request for QuickBooks Online Support
Query on Smart-Waage Data Analytics Functions,Query on Smart-Waage Data Analytics Functions
Seeking Information on Safeguarding Medical Data in Hospital Systems,Seeking Information on Safeguarding Medical Data in Hospital Systems
Datenschutz,Data Protection
Required Pricing Details for Products,Required Pricing Details for Products
Inquiry on Data Analytics Tools for Figma Integration,Inquiry on Data Analytics Tools for Figma Integration
Guidance Required for Securing Medical Data,Guidance Required for Securing Medical Data
Request for Information on Securing Medical Data with AWS in Hospital Systems,Request for Information on Securing Medical Data with AWS in Hospital Systems
Trouble with StreamCam during conference,Trouble with StreamCam during conference
Campaign Metrics Problem,Metrics Problem Campaign
Crash Report,Crash Report
Investment Forecasts Did Not Meet Expectations Today,Investment Forecasts Did Not Meet Expectations Today
Issue with Data Analytics Tool Producing Inconsistent Investment Forecasts,Issue with Data Analytics Tool Producing Inconsistent Investment Forecasts
Problem with Investment Return Forecasting Tool,Problem with Investment Return Forecasting Tool
Mehrere Integrationsprobleme aufgrund von Server-Überlastungen,Multiple integration problems due to server transfers
Possible Data Breach Impacting Medical Data Security,Possible Data Breach Impacting Medical Data Security
Protocols for Safeguarding Medical Information,Protocols for Safeguarding Medical Information
Assistance Required for API Integration,Assistance Required for API Integration
Issue with Data Processing Tool,Issue with Data Processing Tool
Support Required for Data Breach,Support Required for Data Breach
Investment-Prognose-Funktion-Plötzlich-Nicht-Verfügbar-Seit-Heute-Morgen,Investment-prognosis-function-non-available-page-to-day-morgen
Hinweise zur Synchronisierung von Datenaufbereitungstools,Notes for the synchronization of data preparation tools. . . . . . . . . . . . . . . . . . . . . . . . . . . . . . . . . . . . . . . . . . . . . . . . . . . . . . . . . . . . . . . . . . . . . . . . . . . . . . . . . . . . . . . . . . . . . . . . . . . . . . . . . . . . . . . . . . . . . . . . . . . . . . . .
Probleme mit den Web-Analytics-Daten,Problems with Web Analytics data
Systemanforderungen,System requirements
Concern Regarding Investment Forecast Analysis,Concern Regarding Investment Forecast Analysis
Kundensupport,Customer support
Boost Brand Expansion Tactics,Boost Brand Expansion Tactics
Issue with Data Analytics Tool,Issue with Data Analytics Tool
Query on Pricing Providers and Billing Details for SaaS Project Management Solution,Query on Pricing Providers and Billing Details for SaaS Project Management Solution
Hospital Security Enhancements,Hospital Security Enhancements
Antrag auf technische Unterstützung,Application for technical assistance
Problems with the Data Processing Tachograph,Problems with the Data Processing Tachograph
Improvement of Project Timeline,Improvement of Project Timeline
Needed: Technical Support,Needed: Technical Support
Anfrage zur Unterstützung bei Software-Integrationsschäden,Application for support for software integration damages: . . . . . . . . . . . . . . . . . . . . . . . . . . . . . . . . . . . . . . . . . . . . . . . . . . . . . . . . . . . . . . . . . . . . . . . . . . . . . . . . . . . . . . . . . . . . . . . . . . . . . . . . . . . . . . . . . . . . . . . . . . . .
Unexpected Crash of Digital Campaign Today,Unexpected Crash of Digital Campaign Today
Problem with Billing Accuracy for SaaS Subscription,Problem with Billing Accuracy for SaaS Subscription
Unexpected Data Encryption Failure Following Software Update,Unexpected Data Encryption Failure Following Software Update
Probleme mit der Verlautbarkeit medizinischer Daten während einer VR-Ausbildung,Problems with the traceability of medical data during VR training
Strategies for Brand Growth in the Digital Realm,Strategies for Brand Growth in the Digital Realm
Medical Data Security Protocols Inquiry,Medical Data Security Protocols Inquiry
Unforeseen System Downtime Reported,Unforeseen System Downtime Reported
Crashing Data Analytics Program,Crashing Data Analytics Program
Request for Implementation of Advanced Data Visualization Tool,Request for Implementation of Advanced Data Visualization Tool
Data Analytics Platform Stopped Working Today Unexpectedly,Data Analytics Platform Stopped Working Today Unexpectedly
Erweiterte Berichtsfunktionen sind dringend notwendig,Additional reporting functions are urgently needed. . . . . . . . . . . . . . . . . . . . . . . . . . . . . . . . . . . . . . . . . . . . . . . . . . . . . . . . . . . . . . . . . . . . . . . . . . . . . . . . . . . . . . . . . . . . . . . . . . . . . . . . . . . . . . . . . . . . . . . . . . . .
Marketing Firm Data Synchronization Problem Noted,Marketing Firm Data Synchronization Problem Noted
Guidelines for Securing Medical Data on Brother HL-L8360CDW Printers in Hospital Systems,Guidelines for Securing Medical Data on Brother HL-L8360CDW Printers in Hospital Systems
Issues with Billing for Various Products Requiring Support,Issues with Billing for Various Products Requiring Support
Advice,Comment@title: column Name of the recipient. . . . . . . . . . . . . . . . . . . . . . . . . . . . . . . . . . . . . . . . . . . . . . . . . . . . . . . . . . . . . . . . . . . . . . . . . . . . . . . . . . . . . . . . . . . . . . . . . . . . . . . . . . . . . . . . . . . . . . . . . . . . . . . . . . . . . . . . . . . .
Occasional LED Monitor Flickering Problem,Occasional LED Monitor Flickering Problem
Request for Integration Update Information,Request for Integration Update Information
Support Required for System Outages,Support Required for System Outages
Protection of Medical Data,Protection of Medical Data
Marketing-Project,Marketing Project
Sudden Increase in Server Response Time,Sudden Increase in Server Response Time
Ein unerwarteter Rechnungsungsfehler trat heute auf,An unexpected error occurred today
Problem mit der Rechnung,Problem with account
Login Issue Possibly Linked to Caching,Login Issue Possibly Linked to Caching
kritische Leistungsprobleme bei der SaaS-Plattform,critical performance problems at the SaaS platform
Support Request: Issue with Investments Optimization Platform,Support Request: Issue with Investments Optimization Platform
Bericht über einen Fehler bei der Excel-Integration,Report on an error in Excel integration
Query About System Specifications,Query About System Specifications
Guidelines for Securing Medical Data in IT Systems,Guidelines for Securing Medical Data in IT Systems
Software for Project Management,Software for Project Management
Fehlerschätzung bei Abonnementdienstleistungen,Error assessment for subscription services
Enhancing H2O.ai Performance for Investment Analytics,Enhancing H2O.ai Performance for Investment Analytics
Guidance on Securing Medical Data Hub Switch Products,Guidance on Securing Medical Data Hub Switch Products
Features Inquiry,Inquiry Features
Update Sales Materials,Update Sales Materials
Project Timeline Synchronization Problem,Project Timeline Synchronization Problem
Investment Forecasts Are Being Impacted By Potentially Outdated Data Sources,Investment Forecasts Are Being Impacted By Potentially Outdated Data Sources
Request for Assistance with Microsoft Azure Integration,Request for Assistance with Microsoft Azure Integration
Securing Medical Data with PHP 8.0 Tools,Securing Medical Data with PHP 8.0 Tools
Unterstützung für die Integration von Data Analytics erforderlich,Support for the integration of data Analytics required
Bericht über eine Funktionsstörung der Datenanalysewerkzeuge,Report on a malfunction of the data analysis tool
Dashboard Crash,Dashboard Crash
Service Interruption Concern,Service Interruption Concern
Enhancing Data Analytics Framework,Enhancing Data Analytics Framework
Report on Data Breach,Report on Data Breach
Problem with Investment Data Processing,Problem with Investment Data Processing
Ruby on Rails Integration Guidance,Ruby on Rails Integration Guidance
Required Support for Server Issues,Required Support for Server Issues
Problem with Application Crashing,Problem with Application Crashing
Request for Information on Custom Workflow Integration,Request for Information on Custom Workflow Integration
Error throughout Task Synchronization,Error throughout Task Synchronization
Exploring Integrations for Codecademy with Investment Analytics Tools,Exploring Integrations for Codecademy with Investment Analytics Tools
Digitale Strategien für erhöhten Verkauf von Smart-Rauchmeldern,Digital strategies for increased sales of smartphones
Problem with Marketing Campaign Metrics,Problem with Marketing Campaign Metrics
Anfrage an den Support,Request for Support
Strategien zur Markengröße mit HubSpot,HubSpot brand size strategies
Problem with Financial Analytics Software,Problem with Financial Analytics Software
Request for Assistance with MySQL Integration into Asana,Request for Assistance with MySQL Integration into Asana
Support for Hospital Data Security,Support for Hospital Data Security
Problems with Wi-Fi connection,Problems with Wi-Fi connection
Update Marketing Strategy,Update Marketing Strategy
Financial Data Analysis Tools,Financial Data Analysis Tools
Secure Data Storage,Secure Data Storage
Docker Integration Inquiry,Docker Integration Inquiry
Digital Brand Strategies,Digital Brand Strategyes . . . . . . . . . . . . . . . . . . . . . . . . . . . . . . . . . . . . . . . . . . . . . . . . . . . . . . . . . . . . . . . . . . . . . . . . . . . . . . . . . . . . . . . . . . . . . . . . . . . . . . . . . . . . . . . . . . . . . . . . . . . .
Enhancing Investment Strategies Through Utilization of Advanced Data Analytics Solutions,Enhancing Investment Strategies Through Utilization of Advanced Data Analytics Solutions
Problem with Data Dashboard,Problem with Data Dashboard
Security Measures for Medical Data with Kaspersky,Security Measures for Medical Data with Kaspersky
Issue with Project Management Software,Issue with Project Management Software
Security Update Request,Security Update Request
Support for Marketing Firms,Support for Marketing Firms (SMEs) . . . . . . . . . . . . . . . . . . . . . . . . . . . . . . . . . . . . . . . . . . . . . . . . . . . . . . . . . . . . . . . . . . . . . . . . . . . . . . . . . . . . . . . . . . . . . . . . . . . . . . . . . . . . . . . . . . . . . . . . . . . . . . . . . . . . . . .
Request from Customer Support,Request from Customer Support
Probleme bei der Startfunktion der Kampagne,Problems with the campaign's start-up function. . . . . . . . . . . . . . . . . . . . . . . . . . . . . . . . . . . . . . . . . . . . . . . . . . . . . . . . . . . . . . . . . . . . . . . . . . . . . . . . . . . . . . . . . . . . . . . . . . . . . . . . . . . . . . . . . . . . . . . . . . . . . . . . . . . . . . . .
Concern Regarding Data Analytics Platform,Concern Regarding Data Analytics Platform
Support for Campaign Efficiency,Support for Campaign Efficiency
Support for Enhancing Data Analytics Integration,Support for Enhancing Data Analytics Integration
Modify marketing plan,Modify your marketing plan
Detection of Unauthorized Access to Sensitive Data,Detection of Unauthorized Access to Sensitive Data
Report on Sync Problem,Report on Sync Problem
Probleme beim Anmelden heute Früh,Problems when logging in today's morning. . . . . . . . . . . . . . . . . . . . . . . . . . . . . . . . . . . . . . . . . . . . . . . . . . . . . . . . . . . . . . . . . . . . . . . . . . . . . . . . . . . . . . . . . . . . . . . . . . . . . . . . . . . . . . . . . . . . . . . . . . . . . . . . .
Anfrage nach detaillierter Dokumentation zur Integration von Smartsheet in das SaaS-Projektmanagement-Software-Programm,Request for detailed documentation on the integration of Smartsheet into the SaaS project management software program. . . . . . . . . . . . . . . . . . . . . . . . . . . . . . . . . . . . . . . . . . . . . . . . . . . . . . . . . . . . . . . . . . . . . . . . . . . . . . . . . . . . . . . . . . . . . . . . . . . . . . . . . . . . . . . . . . . . . . . . . . . . . . . . . .
Concern Regarding Website Load Time,Concern Regarding Website Load Time
Support for Digital Campaign,Support for Digital Campaign
Alert for Data Breach,Alert for Data Breach
Strategies for Digital Brand Growth,Strategies for Digital Brand Growth
Problem with Team Collaboration Tools,Problem with Team Collaboration Tools
Anfrage zur Unterstützung bei Dienstausfall,Request for service waste support
Assistance Needed for Medical Data Security in PostgreSQL 13,Assistance Needed for Medical Data Security in PostgreSQL 13
Verlangsamte Ladegeschwindigkeiten auf dem Dashboard,Predictive charging speeds on the Dashboard
Report on System Downtime,Report on System Downtime
Problem with Campaign Metrics Inconsistency,Problem with Campaign Metrics Inconsistency
Trouble with Twitch Studio Beta Integration,Trouble with Twitch Studio Beta Integration
System Outage,System Outage
Problem mit Investitionsprognosen,Problem with investment projections
Technische Sorge betreffend Datensicherung,Technical concerns relating to data security
Optimierung der Anlagestrategien für unsere Kunden täglich,Optimisation of investment strategies for our customers daily
Enhancing H2O.ai for Investment Analytics,Enhancing H2O.ai for Investment Analytics
Investing in Data Analytics Tools,Investing in Data Analytics Tools
Intern Connection Issues with SaaS Platform Right Now,Intern Connection Issues with SaaS Platform Right Now
Inquiry on Pricing for WooCommerce Integration,Inquiry on Pricing for WooCommerce Integration
Problem with Medical Data During Backup,Problem with Medical Data During Backup
Fehlermeldung bei Avid Pro Tools,Error message in Avid Pro Tools
Integration von Kaspersky in Ubuntu,Integration of Kaspersky into Ubuntu
Concern Over Marketing Metrics,Concern Over Marketing Metrics
Digitale Strategie-Dienstleistungen für Unternehmen,Digital Strategy Services for Enterprises
Healthcare Data Security,Healthcare Data Security
Linux and PyTorch Integration Specifications,Linux and PyTorch Integration Specifications
"Benutzer meldet temporäre Schwierigkeiten bei dem Projektsteuerungsdashboard, möglicherweise aufgrund von Netzwerkproblemen oder Überlastung des Hintergrundservers","Users report temporary difficulties in project management Dashboard, possibly due to network problems or overload of the background server"
Support Required for Software Crash,Support Required for Software Crash
Report on Security Incident,Report on Security Incident
Anfrage zur Preisgestaltung für Digitalmarketing-Dienstleistungen erforderlich,Request for price design for digital marketing services required
Request for Information on Scalability Features,Request for Information on Scalability Features
Request for Mailchimp Integration Guidance,Request for Mailchimp Integration Guidance
Assistance with Security Concern,Assistance with Security Concern
Support Request: Campaign Metrics Syncing Issue,Support Request: Campaign Metrics Syncing Issue
Available Integration Options for QuickBooks Online,Available Integration Options for QuickBooks Online
Probleme mit OBS Studio und PyCharm-Anwendungen,Problems with OBS Studio and PyCharm Applications
System Issue,System Issue
Project Concern,Project Concern
Problem Encountered with OBS Studio,Problem Encountered with OBS Studio
Problem with Project Information,Problem with Project Information
Support Request for Integrating Microsoft Azure,Support Request for Integrating Microsoft Azure
Investment Analytics,Investment Analytics
Improve Compatibility Across Various Platforms,Improve Compatibility Across Various Platforms
Enhancing Data Security in Hospital Settings,Enhancing Data Security in Hospital Settings
Concerns Over Hospital System Security Breach,Concerns Over Hospital System Security Breach
Problem with Medical Data Retrieval,Problem with Medical Data Retrieval
Sicherheitsmaßnahmen für medizinische Daten auf Laptops,Safety measures for medical data on laptops
Probleme bei der Synchronisierung von Kampagnenmetriken,Problems in the synchronization of campaign metrics
Optimierung von Investitionsstrategien mithilfe von Daten,Optimisation of investment strategies using data
Secure Handling of Medical Data,Secure Handling of Medical Data
"Kann man Details zur Verschlüsselung medizinischer Daten in AWS-Krankenhaus-IT-Systemen erfahren und wie wird die HIPAA-Kompatibilität gewährleistet, um sensible Patientendaten zu schützen?",Can you learn details about the closure of medical data in AWS Hospital IT systems and how will HIPAA compatibility be ensured to protect sensitive patient data?
Fehlerhafte Investment-Prognosen,Malformed investment forecast
Support for Integrating GitLab,Support for Integrating GitLab
Datenschutsumbruch gemeldet,Data protection consumption reported
Bericht über Vorfall mit Hadoop-Problematik,Report on a case with Hadoop problem
Effective Onboarding of New Team Members,Effective Onboarding of New Team Members
Request for Updating Billing Integration,Request for Updating Billing Integration
Problem Concerning Medical Data Encryption,Problem Concerning Medical Data Encryption
Available Payment Options for JIRA Integrations,Available Payment Options for JIRA Integrations
Support for Apache Hadoop Optimization,Support for Apache Hadoop Optimization
Digital Strategies For Enhancing Brand Expansion,Digital Strategies For Enhancing Brand Expansion
Guidance on Securing Medical Data,Guidance on Securing Medical Data
Data Breach Notification,Data Breach Notification
Probleme mit Software-Fehlern,Software Errors
Enhance Digital Marketing Plans,Enhance Digital Marketing Plans
Optimierung von Google Keep für Marketingzwecke,Optimisation of Google Keep for marketing purposes
Problem with Data Analysis Software,Problem with Data Analysis Software
Enquiry About Digital Strategies for Brand Growth,Enquiry About Digital Strategies for Brand Growth
Concern About Online Engagement Decline,Concern About Online Engagement Decline
Problem with Investment Data Analysis,Problem with Investment Data Analysis
Request for Invoice Correction Assistance,Request for Invoice Correction Assistance
Probleme mit den Werkzeugen aufgrund von Software-Issues,Problems with tools due to software issues
Query on Customer Support Services,Query on Customer Support Services
Secure Medical Data,Secure Medical Data
Security Concern,Security Concern
Improved Project Management Solutions,Improved Project Management Solutions
Problem mit den Projekt-Daten,Project data problem
Problems With Performance Metrics of Digital Marketing Campaigns,Problems With Performance Metrics of Digital Marketing Campaigns
Irregular Connection Problems with Moodle Platform,Irregular Connection Problems with Moodle Platform
Request for Assistance with a Data Breach,Request for Assistance with a Data Breach
Encountering Issues with Payment Processing,Encountering Issues with Payment Processing
Effective Optimization of Investment Portfolios Using Data Analytics Tools,Effective Optimization of Investment Portfolios Using Data Analytics Tools
Anfrage zu Adobe Effects,Question about Adobe Effects
Support Security Concern,Support Security Concern
Digitale Strategie-Dienstleistungen,Digital Strategy Services
Request for Notion Integration Support,Request for Notion Integration Support
"Bitten Sie, API-Integrationsoptionen für unsere Projektmanagement-Software-as-a-Service-Plattform zu prüfen",Please check API integration options for our project management software-as-a-service platform
Scalability Solutions for Large Teams,Scalability Solutions for Large Teams
Problem with Data Synchronization Across Platforms,Problem with Data Synchronization Across Platforms
Sichere Zugriffsmöglichkeiten für medizinische Daten,Safe access to medical data
Support Request for Integrating DataRobot with SaaS Project Management Platform,Support Request for Integrating DataRobot with SaaS Project Management Platform
Support for Integrating Firebase on macOS,Support for Integrating Firebase on macOS
Einstellungen von Elasticsearch für Investitionsdatenauswertung optimieren,Optimize Elastic Search settings for investment data assessment
Problem with Data Analytics Dashboard Stopping Unexpectedly,Problem with Data Analytics Dashboard Stopping Unexpectedly
Request for Details on Billing Plans for Airtable Integration in Project Management SaaS,Request for Details on Billing Plans for Airtable Integration in Project Management SaaS
Unterstützung für Kampagnen,Support for campaigns
Problem with Mesh Network Connection,Problem with Mesh Network Connection
Vollständiger Fehler bei der Synchronisation von Google Keep wird gemeldet,Full error occurred when synchronising Google Keep
Problem with Network Connectivity Today,Problem with Network Connectivity Today
Investigation Needed for Data Breach,Investigation Needed for Data Breach
Problem mit Projekt-Dashboard,Project Dashboard problem
Hospital Data Breach Incident,Hospital Data Break Incidence
Probleme mit dem Kundenservice,Problems with customer service
Meldung über ein Problem mit der Tracking-Funktion im Website-Analysedashboard,Report about a problem with the tracking function on the website analyzedboard
Concern Regarding Security of Medical Records,Concern Regarding Security of Medical Records
Issues with Website Crash Today,Issues with Website Crash Today
Firebase Integration Advice,Firebase Integration Advice
Support Needed for Medical Data Encryption Failure,Support Needed for Medical Data Encryption Failure
Unexpected Crash of Medical Data Encryption System,Unexpected Crash of Medical Data Encryption System
Probleme bei der Synchronisierung über verschiedene Geräte,Problems with synchronization of different devices
Information on Data Analytics Tools for Investment Optimization,Information on Data Analytics Tools for Investment Optimization
Issue Regarding Integration Errors,Issue Regarding Integration Errors
Issue with Data Dashboard,Issue with Data Dashboard
Assistance with Marketing Strategies,Assistance with Marketing Strategies
Anpassung Rechnungsstellungsoptionen in Dynamics,Adjusting calculation options in Dynamics
Enhancing Squarespace Brand Visibility,Enhancing Squarespace Brand Visibility
Problem mit Investment-Dashborad,Problem mit Investment-Dashborad
Wachstum,Growth
Login Issue Encountered This Morning,Login Issue Encountered This Morning
Inquiries about Evernote Integrations,quiries about Evernote Integrations
Detected Security Breach in Hospital System,Detected Security Breach in Hospital System
Frage zur digitalen Strategie-Dienstleistung für Markenwachstum,Question of the digital strategy service for brand growth
Digital Brand Expansion Strategies,Digital Brand Expansion Strategies
Problem with Website Outage,Problem with Website Outage
Campaign Engagement Issues,Campaign Commitment Issues
Unautorisiertes Zugangsbemühen wurde sofort erkannt,Unauthorised access efforts were immediately recognized
Expansion,Expand
Request for Xero Integration Details,Request for Xero Integration Details
Support for Investment Optimization Model,Support for Investment Optimization Model
Bitten um detaillierte Informationen zu digitalen Strategiedienstleistungen und Markenwachstum,Please provide detailed information on digital strategic services and brand growth
Encountered Issue with Payment Processing,Encountered Issue with Payment Processing
Request for Support,Request for Support
Declining Engagement in Digital Campaigns,Declining Commitment in Digital Campaigns
Assistance with ClickUp Integration for Adobe Photoshop CC 2021 and QuickBooks Online,Assistance with ClickUp Integration for Adobe Photoshop CC 2021 and QuickBooks Online
SaaS-Plattform-Crash-Issue heute,SaaS-Plattform-Crash-Issue heute
Concern About Recent Software Updates,Concern About Recent Software Updates
Anfrage nach Sicherheitsmaßnahmen bei Chromebooks,Request for safety measures at Chromebooks
Enhancing Digital Brand Growth Strategies,Enhancing Digital Brand Growth Strategies
Inquiry About Digital Strategies,Inquiry About Digital Strategies
Concern Regarding Campaign Metrics,Concern Regarding Campaign Metrics
Inquiry into Pricing for Blackboard Learn Integration,Inquiry into Pricing for Blackboard Learn Integration
Enquiry on Digital Marketing Services,Enquiry on Digital Marketing Services
Probleme mit dem Netzwerk,Network problems
Projektmanagement,Project Management
Concerns about Display Configuration,Concerns about Display Configuration
Kosteninformationen für die Integration des Hemingway Editors in unsere SaaS-Plattform,Cost information for the integration of Hemingway Editor into our SaaS platform
Data Breach,Data Breach
Sicherheit von medizinischen Daten mit Docker und GitLab,Safety of medical data with Dock and GitLab
Tech Support,Tech Support
Reported Issue with Server Downtime,Reported Issue with Server Downtime
Support Security,Support Security
Probleme bei der Funktionalität digitaler Kampagnen,Problems in the functionality of digital campaigns
Systemanforderungen für JIRA Software Integration,System requirements for JIRA Software Integration
Urgent Request for Integration Updates,Urgent Request for Integration Updates
Enquiry on Data Security Measures for Hospital Products,Enquiry on Data Security Measures for Hospital Products
Problem with CRM Synchronization,Problem with CRM Synchronization
Digitales Markenwachstum,Digital Marker Growth
Fehler bei CyberLink PowerDirector 19,Error in CyberLink PowerDirector 19
Detailed Information on Scalable Project Management Solutions,Detailed Information on Scalable Project Management Solutions
Request for Technical Support,Request for Technical Support
Revise Digital Marketing Tactics for Enhanced Business Expansion,Revise Digital Marketing Tactics for Enhanced Business Expansion
Ungerechtfertigte Brand-Vermeldung wurde gemeldet,Invalid fire notification received
Inquiry About Customization Options for User Roles and Permissions,Inquiry About Customization Options for User Roles and Permissions
Problem with Login Access,Problem with Login Access
Problem with Microsoft Teams Integration,Problem with Microsoft Teams Integration
Technische Anschlussprobleme,Technical connection problems
Possible Data Compromise,Cannot initialise Evolution's mail component.
Support für Adobe Creative Cloud,Support für Adobe Creative Cloud
Data Encryption Malfunction,Data Encryption Malfunction
Enquiry on Enhancing Data Analytics Tools for Investment Forecasting and Portfolio Management,Enquiry on Enhancing Data Analytics Tools for Investment Forecasting and Portfolio Management
Inquiry on Integration Options for Drupal Commerce with Microsoft Dynamics 365,Inquiry on Integration Options for Drupal Commerce with Microsoft Dynamics 365
Nachricht über den langsamen Ladeprozess des Dashboards,Message about the slow loading process of the Dashboard
Request for Services on Securing Medical Data in Hospital Systems,Request for Services on Securing Medical Data in Hospital Systems
Enhancing Airtable for Marketing Efficiency,Enhancing Airtable for Marketing Efficiency
QuickBooks Online Integration Tools,QuickBooks Online Integration Tools
Unerlaubter Zugriff auf medizinische Datensysteme,Unauthorised access to medical data systems
Enhance Digital Marketing Tools and Strategies,Enhance Digital Marketing Tools and Strategies
Data Leak Incident,Data Lock Incidence
Support for Incident Involving Potential Vulnerabilities in Hospital Infrastructure,Support for Incident Involving Potential Vulnerabilities in Hospital Infrastructure
Probleme mit medizinischen Daten,Medical data problems
Security Measures for Medical Data,Security Measures for Medical Data
Project Timeline Integration,Project Timeline Integration
Problem with Login System,Problem with Login System
Enhancing Investment Tactics Through Data Analytics Solutions,Enhancing Investment Tactics Through Data Analytics Solutions
Inquiry about Digital Strategies for Zoho CRM,Inquiry about Digital Strategies for Zoho CRM
Support for Customers,Support for Customers
Inquiry About Billing Features in JIRA Software,Inquiry About Billing Features in JIRA Software
Concern about Data Security via Unsecured Docker Container,Concern about Data Security via Unsecured Docker Container
System Crashes,System Crashes
Smart Home,Smart Home
Digital Strategies for Android 12 User Growth,Digital Strategies for Android 12 User Growth
Recurring Problem with Accessing the Login Page of the Dashboard,Recurring Problem with Accessing the Login Page of the Dashboard
Report on Service Interruptions,Report on Service Interruptions
Exploring Digital Strategies for Brand Growth,Exploring Digital Strategies for Brand Growth
Network Issues Concern,Network Issues Concern
Mehrere Integrationen stellen Probleme dar,Multiple integration problems
Information on Digital Brand Growth Strategies,Information on Digital Brand Growth Strategies
Crash,Crash
Concern Regarding Digital Campaigns,Concern Regarding Digital Campaigns
Support for the SaaS Project Management Platform,Support for the SaaS Project Management Platform
Support Request for Temporary User Authentication Issues During Peak Times,Support Request for Temporary User Authentication Issues During Peak Times
Issue Regarding Login Duration Today,Issue Regarding Login Duration Today
Support for Data Analytics,Support for Data Analytics
Support for Repeated Crashes in ClickUp-Integration,Support for Repeated Crashes in ClickUp-Integration
Login Issues Recently Reported,Login Issues Recently Reported
IT-Issue,IT-Issue
Support needed,Support needed
Problem with Investment Reports,Problem with Investment Reports
Strategies for Brand Expansion Using AWS and WordPress,Strategies for Brand Expansion Using AWS and WordPress
Unerwarteter Verschlüsselungsfehler aufgetreten,Unexpected encryption error
Support Needed for Unauthorized Access Incident,Support Needed for Unauthorized Access Incident
Ungenauen Investitionsprognosen melden,Report Unfailing Investment Forecasts
Probleme mit der WLAN-Verbindung,Problems with the Wi-Fi connection
Request for Customer Support,Request for Customer Support
Irregular Data Reporting in Dynamics,Irregular Data Reporting in Dynamics
Issue with Monthly Invoice Charges,Issue with Monthly Invoice Charges
Digital Campaign Performance Below Expected Standards,Digital Campaign Performance Below Expected Standards
Digital Campaigns Have Come to a Halt Because of Potential Integration Problems,Digital Campaigns Have Come to a Halt Because of Potential Integration Problems
Transmission of Pricing Framework for Digital Marketing Services,Transmission of Pricing Framework for Digital Marketing Services
Technische Störung,Technical Disorder
Request for Data Update,Request for Data Update
Service Outage,Service Outage
Social Media,Social Media
Request for Enhanced Integration with Salesforce CRM Data Analytics Tools,Request for Enhanced Integration with Salesforce CRM Data Analytics Tools
Inquiry About Digital Strategy Services for Brand Growth,Inquiry About Digital Strategy Services for Brand Growth
Request for Assistance with Potential Data Breach,Request for Assistance with Potential Data Breach
Request for Pricing of Zoho Books Integration,Request for Pricing of Zoho Books Integration
Expanding Reach Through Digital Strategies,Expanding Reach Through Digital Strategies
Inquiry about Acceptable Payment Methods,Inquiry about Acceptable Payment Methods
Investment Data Analytics Pipeline,Investment Data Analytics Pipeline
Unterstützung für Projektmanagement SaaS,Support for SaaS project management
Investment-Prognosen funktionieren plötzlich nicht mehr,Investment projections do not work immediately anymore
Support Request for Smartsheet Integration,Support Request for Smartsheet Integration
Problem with Data Synchronization,Problem with Data Synchronization
Issues with Data Analytics Tool,Issues with Data Analytics Tool
Fehler mit digitalen Kampagnen,Digital Campaigns Error
Traffic Support Inquiry,Traffic Support Inquiry
Issue with website crash during digital campaign launch today,Issue with website crash during digital campaign launch today
Frage zur Datenverschlüsselung von Patientendaten auf Apple MacBook Air in Krankenhaus,Question about data encryption of patients' data on Apple MacBook Air in Hospital
Aid regarding technical issues,Aid regarding technical issues
Issues with Digital Brand Management,Issues with Digital Brand Management
Die Data Analytics-Plattform brach über Nacht zusammen,The data Analytics platform brought together by night
Digitale Strategien für Geschäftswachstum,Digital strategies for business growth
Report on Encryption Malfunction,Report on Encryption Malfunction
Medizinische Datenschutzfunktionen,Medical data protection functions
Services for Brand Growth,Services for Brand Growth
Support Security Incident,Support Security Incident
Optimierung von Investitionen durch Nutzung von Datenanalytik-Tools,Optimisation of investments using dataanalytic tools
Sicherheitswarnung,Security Warning
Enquete über Zahlungsmöglichkeiten für Software-Abonnements und Hardware,Enquiries about payment options for software subscriptions and hardware
"Verbesserung der Leistung und Skalierbarkeit des SaaS-Project-Management-Systems, inklusive Update","Improve performance and scaleability of the SaaS project management system, including updates"
Concern Regarding Data Breach,Concern Regarding Data Breach
Issue with Project Management,Issue with Project Management
Versagte Integrationsverbindungen und API-Kompatibilität,Forgotten integration connections and API compatibility
Issue with SaaS-Platform,Issue with SaaS-Platform
Sicherung medizinischer Daten bei Gesundheitsversorger,Safety of medical data in the case of healthcare providers
Medizinische Datenschutzmaßnahmen Verbesserung,Improving medical data protection measures
Problem,Problem
Verbesserung der Investment-Analyse für Microsoft Azure-Lösungen,Improving investment analysis for Microsoft Azure solutions
Optimization of Investment Portfolios Using Data Analytics,Optimization of Investment Portfolios Using Data Analytics
Optimal Elasticsearch 7.13 Setup for Investment Forecasting,Optimal Elasticsearch 7.13 Setup for Investment Forecasting
Request for Detailed Billing Information for Digitalkamera ESET NOD32 Antivirus 14,Request for Detailed Billing Information for Digitalkamera ESET NOD32 Antivirus 14
Microsoft Teams Support,Microsoft Teams Support
Hinweis über plötzlich verschwindende Projektdaten,Quick-dry project data information indication: @title: column Name of the project. . . . . . . . . . . . . . . . . . . . . . . . . . . . . . . . . . . . . . . . . . . . . . . . . . . . . . . . . . . . . . . . . . . . . . . . . . . . . . . . . . . . . . . . . . . . . . . . . . . . . . . . . . . . . . . . . . . . . . . . . . . . . . . . . . . . . . . .
Inquiry on Securing Medical Data in SAP ERP Central Component 6.0,Inquiry on Securing Medical Data in SAP ERP Central Component 6.0
Hilfe bei der Optimierung der Datenanalyse für Anlageentscheidungen,Help in optimising the data analysis for plant decisions
Issues with Data Analysis Service,Issues with Data Analysis Service
Support for Project Management Integration,Support for Project Management Integration
Connectivity Challenges in Project Management SaaS,Connectivity Challenges in Project Management SaaS
Detected Unauthorised Access to Medical Data,Detected Unauthorised Access to Medical Data
Error During Data-Synchronization Across Various Platforms,Error During Data-Synchronization Across Various Platforms
Problem with Software Crashes and Errors,Problem with Software Crashes and Errors
Assistance,Assistance
Enhancing Investments with DataRobot's Advanced Analytics,Enhancing Investments with DataRobot's Advanced Analytics
Enhancing Investment Analytics Support with MATLAB,Enhancing Investment Analytics Support with MATLAB
Exploring SaaS Features for Project Management and Scalability,Exploring SaaS Features for Project Management and Scalability
Boost User Experience,Boost User Experience
Billing Issue,Billing Issue
Concerns About Hospital Security Systems,Concerns About Hospital Security Systems
Problem with Data Analytics Dashboard Efficiency,Problem with Data Analytics Dashboard Efficiency
Alert on Security Incident,Alert on Security Incident
Problems with Digital Tools,Problems with Digital Tools
Issue with Campaign Analytics Dashboard,Issue with Campaign Analytics Dashboard
Request for Details on Project Management SaaS Features,Request for Details on Project Management SaaS Features
Issue Reported with Investments Optimization Tool Loading,Issue Reported with Investments Optimization Tool Loading
Login Problem,Login Problem
Support for Alteryx,Support for Alteryx
Smart Home Systems,Smart Home Systems
Concern About Data Security,Concern About Data Security
Identified Problems with Airtable Synchronization,Identified Problems with Airtable Synchronization
Neuauflage von Rechnungsunterschieden nach Tarifänderungen,New ceiling of account differences after tariff changes
Enquiry Regarding Payment Options,Enquiry Regarding Payment Options
Encountering Problems with Data Analytics Tool,Encountering Problems with Data Analytics Tool
Support for Smartsheet Elasticsearch Integration,Support for Smartsheet Elasticsearch Integration
Exploring Digital Strategies for Brand Growth Online,Exploring Digital Strategies for Brand Growth Online
Enhancing Investment Strategies with KNIME,Enhancing Investment Strategies with KNIME
Team Collaboration Issues,Team Collaboration Issues
Unangemessene Unterbrechung gemeldet,Inappropriate interruption reported
Issues with Delayed Response Times Noted Lately,Issues with Delayed Response Times Noted Lately
Unexpected System Outage Reported,Unexpected System Outage Reported
JIRA Assistance,JIRA Assistance
Problem with Project Synchronization,Problem with Project Synchronization
Unanticipated Fees in My Bill,Unanticipated Fees in My Bill
Problem with Docker Update,Problem with Docker Update
Improve Data Analytics Tools,Improve Data Analytics Tools
Report on Unapproved Access: Hospital Systems Affected,Report on Unapproved Access: Hospital Systems Affected
Concerning Security Breach in Hospital IT System,Concerning Security Breach in Hospital IT System
Request for Information on Integrating Smartsheet Scalable SaaS Project Management,Request for Information on Integrating Smartsheet Scalable SaaS Project Management
Strategies for Brand Growth in Digital Marketing,Strategies for Brand Growth in Digital Marketing
Problems with Data Connection Interruption,Problems with Data Connection Interruption
Problem with investment figures not refreshing properly,Problem with investment figures not refreshing properly
Security Concern: Unauthorized Access to Medical Data,Security Concern: Unauthorized Access to Medical Data
Problem with Data Analytics Dashboard,Problem with Data Analytics Dashboard
Probleme mit der Systemleistung,System performance problems
Problem with project data integrity,Problem with project data integrity
Medizinische Datensicherheit,Medical data security
Request from Customer Service,Request from Customer Service
Improving Brand Expansion Through Digital Tactics,Improving Brand Expansion Through Digital Tactics
Support Inquiry Regarding Data Analytics Capabilities with DataRobot,Support Inquiry Regarding Data Analytics Capabilities with DataRobot
Informationen zu digitalen Strategie-Dienstleistungen bei der Markengründung,Information on digital strategic services in the creation of the market
Update des Zahlungssystems,Up-to-date of the payment system
Detected Unauthorized Access in Medical Records System,Detected Unauthorized Access in Medical Records System
Request for Information on Digital Strategy Services to Boost Brand Growth,Request for Information on Digital Strategy Services to Boost Brand Growth
Technische Schwierigkeit,Technical difficulty
Anfrage zur Unterstützung,Request for support
Digital campaign halted,Digitally held campaign
Verbesserung des Anlageportfolios,Improving investment portfolios
Integration Options for Ableton Live 11 Suite,Integration Options for Ableton Live 11 Suite
Billing Concern,Billing Concern
Required Assistance with Marketing,Required Assistance with Marketing
Problem with Server Response Time During Peak Hours,Problem with Server Response Time During Peak Hours
Probleme bei der Verschlüsselung medizinischer Daten,Problems in the encryption of medical data
Inquiry on Payment Methods for RAID-Controller and Hub Services,Inquiry on Payment Methods for RAID-Controller and Hub Services
Problem with Integration Utilities,Problem with Integration Utilities
Bestätigung autorisierten Zugriffs auf das Krankenhaus-IT-System,Confirmation of authorised access to the hospital IT system
Concerns Regarding the Performance of the Investment Algorithm,Concerns Regarding the Performance of the Investment Algorithm
Tastatur-Fehler bei einer Präsentation,Keyboard Error in Presentation
Assistance with Digital Strategies,Assistance with Digital Strategies
Security Features for Medical Data,Security Features for Medical Data
Improved Security for Medical Data,Improved Security for Medical Data
Technische Unterstützung Anfrage,Technical support request
Kombination von Analytics-Tools mit KNIME zur Steigerung der Investitionsoptimierung,Combination of Analytics tools with KNIME to increase investment optimization
Sicherheitsprotokolle für die Datensicherheit medizinischer Daten in Krankenhäusern,Safety protocol for the data safety of medical data in hospitals
Security Protocols for Medical Data Integrity and Confidentiality,Security Protocols for Medical Data Integrity and Confidentiality
Performance Concerns,Performance Concerns
Kundendienst,Customer Service
Strategies for Expanding with HubSpot,Strategies for Expanding with HubSpot
Ecommerce Support,ECommerce Support
Denied Access to Medical Information,Denied Access to Medical Information
Router Problem,Router Problem
System Specifications for Project Management Tool,System Specifications for Project Management Tool
Salesforce Data Analytics Inquiry,Salesforce Data Analytics Inquiry
Reported Malfunction of Data Analytics Software,Reported Malfunction of Data Analytics Software
Investment-Models are malfunctioning,Investment models are malfunctioning
Hilfe bei Datenverstoß erforderlich,Help in data loss is required
Problem with Dashboard,Problem with Dashboard
Problem with Medical Scanner Operation,Problem with Medical Scanner Operation
Probleme mit IntelliJ IDEA,"Problems with IntelliJ IDEA, . . . . . . . . . . . . . . . . . . . . . . . . . . . . . . . . . . . . . . . . . . . . . . . . . . . . . . . . . . . . . . . . . . . . . . . . . . . . . . . . . . . . . . . . . . . . . . . . . . . . . . . . . . . . . . . . . . . . . . . . . . . ."
Encryption for Medical Data Storage,Encryption for Medical Data Storage
KNIME Investment Analytics Solutions,KNIME Investment Analytics Solutions
Störungen beim Projekt-Deskriptor,Project descriptor interrupts
Optimierungsmethoden für Anlageanalyse,Optimisation methods for plant analysis
Problem mit dem Starten des Software,Problem Starting Software
Request for Security Measures for MongoDB 4.4 in a Hospital Setting,Request for Security Measures for MongoDB 4.4 in a Hospital Setting
Update sales collateral with latest features,Update sales collateral with latest features
Unexpected Stalling of Digital Campaigns Due to Potential Configuration Issues,Unexpected Stalling of Digital Campaigns Due to Potential Configuration Issues
Optimization of Investment Portfolios Using Data Analytics Tools,Optimization of Investment Portfolios Using Data Analytics Tools
Problem with Excel Analysis Tool,Problem with Excel Analysis Tool
Problem with Data Breach,Problem with Data Breach
Problem während der Kampagnenstart am heutigen Tag,Problem at the start of the campaign today
Probleme mit dem NAS-System,Problems with the NAS system
Optimizing Data Analytics Tools,Optimizing Data Analytics Tools
Sicherheitsanomalie,Security threshold
Hospital Systems Security Incident,Hospital Systems Security Incident
"Kann ich Anleitungen zur Sicherung medizinischer Daten in einem PostgreSQL-Umfeld für Krankenhäuser erhalten? Es ist wichtig, dass Patientenakten geschützt sind.",Can I get guidance on the protection of medical data in a PostgreSQL field for hospitals? It is important that patient acts are protected. . . . . . . . . . . . . . . . . . . . . . . . . . . . . . . . . . . . . . . . . . . . . . . . . . . . . . . . . . . . . . . . . . . . . . . . . . . . . . . . . . . . . . . . . . . . . . . . . . . . . . . . . . . . . . . . . . . . . . . . . . . . . . . . . . .
Unexpected Denial of Medical Data Access Post-Update,Unexpected Denial of Medical Data Access Post-Update
Inquiry about Digital Strategies for Brand Growth,Inquiry about Digital Strategies for Brand Growth
Erlangung von medizinischen Informationen,Acquisition of medical information
Können weitere Details zu digitalen Marketingstrategien bereitstellen?,Can further details be provided on digital marketing strategies? . . . . . . . . . . . . . . . . . . . . . . . . . . . . . . . . . . . . . . . . . . . . . . . . . . . . . . . . . . . . . . . . . . . . . . . . . . . . . . . . . . . . . . . . . . . . . . . . . . . . . . . . . . . . . . . . . . . . . . . . . .
Inquiry on Digital Strategies for Brand Growth with Pro Tools and Docker,Inquiry on Digital Strategies for Brand Growth with Pro Tools and Docker
Welche Analyse-Tools sind mit Xero und Shopify vereinbar zur Verbesserung der Investitionen?,What analysis tools are compatible with Xero and Shopify to improve investment? . . . . . . . . . . . . . . . . . . . . . . . . . . . . . . . . . . . . . . . . . . . . . . . . . . . . . . . . . . . . . . . . . . . . . . . . . . . . . . . . . . . . . . . . . . . . . . . . . . . . . . . . . . . . . . . . . . . . . . . . . . . . .
Project Management Services,Project Management Services
Cassandra Crash Issue,Cassandra Crash Issue
Sicherheitsmaßnahmen für medizinische Daten,Safety measures for medical data
Data Security,Data Security
Needs Attention for Inaccurate Investment Projections,Needs Attention for Inaccurate Investment Projections
Guidance on Integrating Subversion SaaS Solution,Guidance on Integrating Subversion SaaS Solution
Error,Error
Problem with Data Retrieval,Problem with Data Retrieval
Problem with data analytics platform causing a crash,Problem with data analytics platform causing a crash
Concern About Data Breach in Medical Records Docker Storage,Concern About Data Breach in Medical Records Docker Storage
Incident Report,Incidence Report
Degradierter Schutz patientenbezogener Daten in den letzten Monaten,Degraded protection of patient data in recent months
Support for Multilingual WordPress Setup Required,Support for Multilingual WordPress Setup Required
Probleme bei der Zugriffsverwaltung auf medizinische Daten,Problems in access management to medical data
Problem with Billing Discrepancy on Invoice,Problem with Billing Discrepancy on Invoice
Security Support,Security Support
Forschung zur Wachstumsförderung durch digitale Strategien,Research on the promotion of growth through digital strategies
Investment Projections Mismatch Inquiry,Investment Projections Mismatch Inquiry
Support for Data Breach,Support for Data Breach
SSD Data Synchronization Problem,SSD Data Synchronization Problem
Unterstützung für Integration von Notion und DataRobot,Support for integration of Notion and DataRobot
Boost Digital Strategy Tools for Enhanced Brand Growth,Boost Digital Strategy Tools for Enhanced Brand Growth
Unexpected Failure in Data Encryption Process Today,Unexpected Failure in Data Encryption Process Today
Enhancing Investment Portfolio Management Through Data Analytics,Enhancing Investment Portfolio Management Through Data Analytics
Enhancing Digital Strategies Today,Enhancing Digital Strategies Today
Request for ClickUp Subscription Details,Request for ClickUp Subscription Details
Report on Data Encryption Malfunction,Report on Data Encryption Malfunction
Login Problem Inquiry to Support Team,Login Problem Inquiry to Support Team
Customer Support Smart Products Inquiry,Customer Support Smart Products Inquiry
Unterstützung für Mini-Beamer-Integration,Mini Beamer integration support
Guidance on Securing Medical Data in Oracle Database 19c,Guidance on Securing Medical Data in Oracle Database 19c
Revise Digital Marketing Techniques,Revise Digital Marketing Techniques
Issues with Synchronization between Smartsheet and JIRA,Issues with Synchronization between Smartsheet and JIRA
Optimization of Data Analytics with SAP ERP and MATLAB,Optimization of Data Analytics with SAP ERP and MATLAB
Problem with Investment Analytics Dashboard,Problem with Investment Analytics Dashboard
Incident of Data Leakage in Medical Records System,Incident of Data Leakage in Medical Records System
Support for Data Analytics Tools,Support for Data Analytics Tools
Anfrage zum Fehler im Medien-Daten-Verschlüsselungsprozess,Request for an error in the media data encryption process
Enhancement of Data Analytics with SAP ERP and MATLAB,Enhancement of Data Analytics with SAP ERP and MATLAB
Problem with Project Management Platform,Problem with Project Management Platform
Request for Network Support,Request for Network Support
Request for Documentation on Integrating Adobe Sign,Request for Documentation on Integrating Adobe Sign
Integrate AWS Monday,Integrate AWS Monday
Challenge with Campaign Engagement,Challenge with Campaign Engagement
Request for Enhancement in PostgreSQL Database Support,Request for Enhancement in PostgreSQL Database Support
Request to Update Billing Details for Digital Strategy Tools and Services,Request to Update Billing Details for Digital Strategy Tools and Services
Optimization of Investments Through Data Analytics,Optimization of Investments Through Data Analytics
Assistance from Customer Support,Assistance from Customer Support
Technical Support Inquiry,Technical Support Inquiry
Probleme mit dem Traffic von Websites sinken,Reduce problems with traffic of websites
Support Request for SendGrid AWS,Support Request for SendGrid AWS
Aktualisierung der Marketingmaterialien um den neuen Markenstil und die digitale Strategie zu widerspiegeln,Updating marketing materials to reflect the new market style and digital strategy
Problem with Accessing Medical Data,Problem with Accessing Medical Data
Inquiry About Data Analytics Services for Investment Portfolio Optimization,Inquiry About Data Analytics Services for Investment Portfolio Optimization
Alteryx Support Inquiry,Otheryx Support Inquiry
Concern Regarding Data Analytics Software,Concern Regarding Data Analytics Software
Report on Service Interruption,Report on Service Interruption
Concerns Over Digital Strategy Performance,Concerns Over Digital Strategy Performance
Problems with Digital Campaigns,Problems with Digital Campaigns
Securing Medical Data in CRM,Securing Medical Data in CRM
Problem Detected with NAS Equipment,Problem Detected with NAS Equipment
Unpräzise Investitions-Prognosen: Generierungsfehler,Inaccurate investment projections: generation errors
Issue with Analytik-Dashboards,Issue with Analytik-Dashboards
Detected Unauthorized Access Attempt,Detected Unauthorized Access Attempt
Support Request for Data Breach,Support Request for Data Breach
Query on Integration Capabilities for SaaS Solution with Google Meet and Schoology,Query on Integration Capabilities for SaaS Solution with Google Meet and Schoology
Issue with Invoice,Issue with Invoice
Unterstützung für Docker,Support for dockers
Unerwartete Verzögerungen bei der Portfoliorebalancierung beobachtet,Unexpected delays in portfolio balance
Enhancing Investment Portfolio Performance Through Data Analytics,Enhancing Investment Portfolio Performance Through Data Analytics
Google Cloud Security Protocols in Healthcare,Google Cloud Security Protocols in Healthcare
Customer Support Inquiry Received,Customer Support Inquiry Received
Sichere medizinische Daten,Safe medical data
Problem with Data Analytics Tools,Problem with Data Analytics Tools
Sicherheit medizinischer Daten,Safety of medical data
Support Request for Digital Strategy Utilization,Support Request for Digital Strategy Utilization
Problems with digital campaign,Problems with digital campaign
Kritischer Fehler im Medizinischen Datenspeichersystem,Critical error in medical data storage system
Issue with Audio Card,Issue with Audio Card
Investment Forecast Error,Investment Forecast Error
Inquiry About Customization Options for SaaS Project Management Features,Inquiry About Customization Options for SaaS Project Management Features
Concern with Investment Software,Concern with Investment Software
Security of Medical Data with Redis 6.2,Security of Medical Data with Redis 6.2
Unexpected Data Encryption Error Arose,Unexpected Data Encryption Error Arose
Graphics Suite Intermittently Crashes Due to Compatibility Problems with PyTorch,Graphics Suite Intermittently Crashes Due to Compatibility Problems with PyTorch
Data Security Incident,Data Security Incident
Support for SaaS Project Management,Support for SaaS Project Management
Urgent Assistance for Halted Marketing Strategies,Urgent Assistance for Halted Marketing Strategies
Concern about Social Media Engagement,Concern about Social Media Engagement
Medizinische Daten infolge ungeschützten Integrationsprozesses entweichen,Prevent medical data from unsafe integration processes
Advancements in Brand Growth Strategies,Advancements in Brand Growth Strategies
Secure Medical Data Storage and Access Controls,Secure Medical Data Storage and Access Controls
Concerns with Investment Data Analytics Platform,Concerns with Investment Data Analytics Platform
Features for Task Management and Team Collaboration,Features for Task Management and Team Collaboration
Financial Tool Functionality,Financial Tool Functionality
Enquiring About Billing Options for Investment Analytics Services,Enquiring About Billing Options for Investment Analytics Services
Encountering Service Interruption in SaaS Platform Today,Encountering Service Interruption in SaaS Platform Today
Urgent: Data Breach in Medical Records Security System,Urgent: Data Breach in Medical Records Security System
Unauthorised Access Attempts on Medical Data Identified,Unauthorised Access Attempts on Medical Data Identified
Assistance Requested,Requested Help
Problem with Investment Analytics System,Problem with Investment Analytics System
Enhance Ubiquiti UniFi Dream Machine for Better Digital Marketing and Network Security,Enhance Ubiquiti UniFi Dream Machine for Better Digital Marketing and Network Security
Facing Compatibility Challenges with Recently Updated SaaS Project Management Tool,Facing Compatibility Challenges with Recently Updated SaaS Project Management Tool
Digital Strategies for Growth of Technological Brands,Digital Strategies for Growth of Technological Brands
Security Protocols for Hospital Windows,Security Protocols for Hospital Windows
Digital Marketing Strategy Update,Digital Marketing Strategy Update
Strategie für Markenwachstum im Digitalland,Strategy for Digital Growth
Problem mit Zugriff auf medizinische Akten,Problem with access to medical records
Optimierung von Ubuntu-Produkten - Bitte sofortigen Umgang,Optimisation of Ubuntu products - Please contact
Request for Detailed Information on Data Analytics Solutions for Optimizing Investments,Request for Detailed Information on Data Analytics Solutions for Optimizing Investments
Sudden login failure for all users today,Sudden login failure for all users today
Required Assistance with Billing Issues,Required Assistance with Billing Issues
Enquiry on Digital Strategies for Brand Growth,Enquiry on Digital Strategies for Brand Growth
Details for Monday IBM Cloud Integration,Details for Monday IBM Cloud Integration
Investment Optimization Tools,Investment Optimization Tools
Problems with Data Processing Tool,Problems with Data Processing Tool
Query on Digital Strategy Services Payment Terms,Query on Digital Strategy Services Payment Terms
Trouble with the Website Landing Page,Trouble with the Website Landing Page
Potential Data Breach in Hospital System,Potential Data Breach in Hospital System
Issues with Data Analysis,Issues with Data Analysis
Project Management,Project Management
Investment Analysis Variations,Investment Analysis Variations
Investment Portfolio Not Updating Correctly Today,Investment Portfolio Not Updating Correctly Today
Intermittent Connectivity Problems with MSI MEG Z490 Godlike Motherboard,Intermittent Connectivity Problems with MSI MEG Z490 Godlike Motherboard
ClickUp-Issue,ClickUp-Issue
Reported Data Breach Incident,Reported Data Breach Incident
Problem with Task Sync,Problem with Task Sync
Digital campaigns have unexpectedly halted possibly due to a compatibility problem,Digital campaigns have unexpectedly halted possibly due to a compatibility problem
Problems with Synchronization,Problems with Synchronization
ClickUp Application Crashes During Peak Times,ClickUp Application Crashes During Peak Times
Verbesserung von Medizindaten in Krankenhaus-Systemen,Improving medical data in hospitals systems
Issues with Integration Control for Marketing Campaigns,Issues with Integration Control for Marketing Campaigns
Login-Recht am frühen Nachmittag,Login right on previous afterday
Data Protection in Medicine,Data Protection in Medicine
Secure Medical Data Solutions,Medical Data Solutions
Sicherheit der Patientendaten,Safety of the patient data
Support Request for Smartsheet and PostgreSQL Integration,Support Request for Smartsheet and PostgreSQL Integration
Upgraded Security Measures for Medical Data,Upgraded Security Measures for Medical Data
Ensuring Safety of Health Information in ClickUp,Ensuring Safety of Health Information in ClickUp
Best Practices for Securing Medical Data on macOS,Best Practices for Securing Medical Data on macOS
Problematik bei den Investmentberichten,Problems in investment reports
Trouble with Task Assignments Saving Temporarily,Trouble with Task Assignments Saving Temporarily
Unterstützung für die Optimierung der Webseite-Analyse,Support for optimization of web page analysis
Support für Integration von BigCommerce und ClickUp in Projektmanagement,Support for integration of BigCommerce and ClickUp in Project Management
Issue with Project Notifications,Issue with Project Notifications
Support Billing Concern,Support Billing Concern
Concerns About Social Media Engagement,Concerns About Social Media Engagement
Introduction Guide for New Team,Introduction Guide for New Team
Xero Integrations Inquiry,Xero Integrations Inquiry
Concern About Project Management Integration,Concern About Project Management Integration
Informationen zur Integration von ClickUp in Microsoft Dynamics 365 für Projektmanagement,Information about the integration of ClickUp into Microsoft Dynamics 365 for Project Management
Verschlußsicherung medizinischer Daten,Closure of medical data
Versicherung medizinischer Daten,Medical data insurance
Problems with Network Connection,Problems with Network Connection
System,System
Anfrage zur Erhöhung der Funktionalität der Mailchimp-Integration,Request to increase the functionality of the Mailchimp integration
Concern Regarding Data Exposure,Concern Regarding Data Exposure
Problems with SaaS Performance,Problems with SaaS Performance
Trouble Connecting to QuickBooks Online,Trouble Connecting to QuickBooks Online
Options for Integrating Outlook 2021 and Discord,Options for Integrating Outlook 2021 and Discord
Training zur Optimierung von Data Analytics Software,Training to optimise Data Analytics Software
Investment Data Discrepancy,Investment Data Discrepancy
Beratung für die Integration von Wolfram Mathematica erforderlich,Advice for the integration of Wolfram Mathetica
Sicherheitsrichtlinien für medizinische Datenspeicherung,Safety policies for medical data storage
Problem bei der Anzeige der digitalen Werbekampagne,Problem displaying the digital advertising campaign
Sync Problems,Sync Problems
Hospital Data Security Breach,Hospital Data Security Breach
Verbessern Sie die Funktionen zur Projektautomatisierung,Improve project automation functions
Available Payment Methods,Available Payment Methods
Failure of Digital Strategy Tools,Failure of Digital Strategy Tools
Unpräzise Investmentberichte melden,Report incorrect investment reports
Kritisches Website-Problem - Technische Ausfälle,Critical website problem - Technical accidents
Urgent Need for Enhanced Data Security,Urgent Need for Enhanced Data Security
Hospital Systems Security Breach Revealed,Hospital Systems Security Breach Revealed
Problem mit den Investitionsberichten,Problem with the investment reports
Erneuung des Projektmanagement-Dashboards,Renewal of project management Dashboard
Data Breach in Patient Records Discovered,Data Breach in Patient Records Discovered
Marketing Connectivity Issue,Marketing Connectivity Issue
Strategies for Enhancing Brand Growth Through Digital Services,Strategies for Enhancing Brand Growth Through Digital Services
Assistance with Project Load Delays,Assistance with Project Load Delays
Request for Integration of Project Management Tools,Request for Integration of Project Management Tools
Ausnahmen beim Data Analytics Dashboards,Exceptions to Analytics Dashboards
Kaspersky Integration with Joystick Project Management,Kaspersky Integration with Joystick Project Management
Security Protocols for Medical Data Protection,Security Protocols for Medical Data Protection
HR System Crash During Employee Data Sync Process,HR System Crash During Employee Data Sync Process
Billing,Billing
Problem with Digital Tools,Problem with Digital Tools
Login Issues on Project Platform,Login Issues on Project Platform
Netzwerkverbindungsprobleme gemeldet,Network connection problem reported
Problems with Microsoft Surface Pro 8 Operation,Problems with Microsoft Surface Pro 8 Operation
Query on Integrations for JIRA Solution,Query on Integrations for JIRA Solution
Concerns with Campaign Performance,Concerns with Campaign Performance
Request to Improve Digital Strategies Using Targeted Marketing Tools to Boost Brand Growth Across Products and Services Urgently,Request to Improve Digital Strategies Using Targeted Marketing Tools to Boost Brand Growth Across Products and Services Urgently
Bereitstellung von Informationen zur Maintanzenzeit,Provision of information on maintenance time
Request for Updating Investment Analytics Software Integration,Request for Updating Investment Analytics Software Integration
Concerns Regarding the Efficiency of Marketing Campaigns,Concerns Regarding the Efficiency of Marketing Campaigns
Verbessern der Integrationseffizienz,Improving integration efficiency
Verbesserung der Investitionen mit Redis,Improving investment with Redis
Security Measures,Security Measures
Request for System Support,Request for System Support
Improve Security of Medical Data Systems,Improve Security of Medical Data Systems
Support for Data Analytics Enhancements,Support for Data Analytics Enhancements
Discussion on Marketing Campaign Support,Discussion on Marketing Campaign Support
Concerns About SaaS Application Performance,Concerns About SaaS Application Performance
Bestätigung von Systemausfällen,Confirmation of system failure
Inquiry on PostgreSQL and Adobe Services Pricing,Inquiry on PostgreSQL and Adobe Services Pricing
Problem with Invoices,Problem with Invoices
Verbesserung des Investitionsportfolios,Improving investment portfolios
Frage zum Technischen Support,Question on technical support
Issue with Data Processing Device,Issue with Data Processing Device
Problem with SaaS Application Connection,Problem with SaaS Application Connection
Issue with Data Synchronization Process,Issue with Data Synchronization Process
Technische Schwierigkeiten,Technical difficulties
Seeking Aid for Platform Failure,Seeking Aid for Platform Failure
Update Billing Data,Update Billing Data
Reported Data Breach and Wi-Fi Vulnerability,Reported Data Breach and Wi-Fi Vulnerability
Problems with the Login Process,Problems with the Login Process
Suggestion for Enhancing Project Tool,Suggestion for Enhancing Project Tool
Verbesserung digitaler Strategien für Produkte,Improving digital strategies for products
Data Analytics Tools Integration with Asana for Investment Optimization,Data Analytics Tools Integration with Asana for Investment Optimization
Query on Ideal System Specifications for Smooth Operation,Query on Ideal System Specifications for Smooth Operation
Concerns About Team Communication,Concerns About Team Communication
Issues with Slow Loading Times,Issues with Slow Loading Times
Digital Marketing Brand,Digital Marketing Brand
Bestätigung von Softwarekompatibilitätsproblemen bei Marketingbüro,Confirmation of software compatibility problems at marketing office
Problem with Data Analytics Software,Problem with Data Analytics Software
Upgrading Workstation for Enhanced Data Analysis,Upgrading Workstation for Enhanced Data Analysis
Investment Optimization Problem,Investment Optimization Problem
Frage zur Jenkins-Integration,Question of Jenkins Integration
Digitale Strategien für,Digital strategies for
Security Breach in Medical Data,Security Breach in Medical Data
Sync Problem,Sync Problem
Best Practices for Safeguarding Medical Data,Best Practices for Safeguarding Medical Data
Growth Strategies,Growth Strategies
Hilfe bei Datenverlustsache,Help on Data Loss
Maßnahmen zur Sicherstellung der Patientendaten,Measures to ensure patient data
häufiger Absturz des Investment-Optimierungstools während der Datenanalyse,more frequent interruption of the investment optimization tool during data analysis
Reported Slow Performance Issue,Reported Slow Performance Issue
Encountering Login Problems Post-Update,Encountering Login Problems Post-Update
Anfrage zur Erhöhung der Sicherheitsmaßnahmen für medizinische Daten in den IT-Systemen des Krankenhauses,Request for increased safety measures for medical data in the IT systems of the hospital
Einblicke in digitale Strategien für die Verstärkung des Markenwachstums?,Focus on digital strategies for strengthening the growth of brands?
Jenkins Build Failed with Error,Jenkins Build Failed with Error
Problems with Data Analytics Tool,Problems with Data Analytics Tool
Strategies for Expanding a Gaming Brand Digitally,Strategies for Expanding a Gaming Brand Digitally
Issue with Marketing Campaign Tools,Issue with Marketing Campaign Tools
Network Problem,Network Problem
Incident of Medical Data Breach,Incident of Medical Data Breach
Failed update of investment forecasts overnight,Failed update of investment forecasts overnight
Problem with Project Timeline Sync,Problem with Project Timeline Sync
Issues with Performance of SaaS Application,Issues with Performance of SaaS Application
Urgent Support Needed: Data Breach Occurred Today,Urgent Support Needed: Data Breach Occurred Today
Unbefugtes Zugriffsversuch erkannt,Unauthorised access test detected
Inquiry on Customization of User Roles and Permissions,Inquiry on Customization of User Roles and Permissions
Acknowledgment of Data Breach at Healthcare Facility,Acknowledgment of Data Breach at Healthcare Facility
Medical Data Breach Occurred,Medical Data Breach Occurred
Available Options for Annual Subscription Payments,Available Options for Annual Subscription Payments
Trouble with Asana Task Synchronization,Trouble with Asana Task Synchronization
-Assistance Needed with Investment Recommendations Issue-,-Assistance Needed with Investment Recommendations Issue-
Issue with Investments Data Analytics Reports,Issue with Investments Data Analytics Reports
Unterstützung benötigt,Support is required
