email,email_en,type
"Subject: Aid needs for securityissue

Es wurde ein autorisierter Zugriff auf medizinische Daten gemeldet, der wahrscheinlich auf einen Mangel an Sicherheitsprotokollen zurückzuführen ist.. My contact number is +33-1-76-88-45-67.","Subject: Aid Needs for Securityissue

An authorized access to medical data was reported, which is probably due to a lack of security protocols .. My Contact Number IS +33-1-76-88-45-67.",Problem
"Subject: 

geehrte Kundenservice, es wurde eine mögliche Datensicherheitslücke gemeldet, die Patientendaten im IT-System des Krankenhauses gefährdet haben. It seems that outdated security protocols and unpatched software vulner -way subscriptions are the cause. A preliminary security analysis was carried out and server protocols were checked. Allerdings bestehen weiterhin Probleme My name is John Doe.. Die Lücke wurde durch Routineüberwachungssysteme erkannt, und ungewöhnliche Aktivitäten im Netzwerk wurden festgestellt You can reach me at janesmith@company.com.. Wir sind besorgt über das mögliche Ausmaß der Versorgung der Patienten und setzen uns darum, das Problem zu beheben. We appreciate your help in the examination and the proposal of measures to prevent similar events.","Subject: 

Soner customer service, a possible data security gap was reported that endangered patient data in the IT system of the hospital. IT SEEMS that Outdated Security Protocols and Unpatched Software Vulner -Way Subscriptions Arene the Cause. A preliminary security analysis was Carried out and server protocols were checked. However, there are still problems my name is John Doe .. The gap has been recognized by routine monitoring systems, and unusual activities in the network were found You Can Reach Me at janesmith@company.com. We appreciat your help in the exam and the proposal of Measures to Prevent Similar Events.",Problem
"Subject: Question about the availability of integration options

Sehr geehrte Kundenservice-Team, ich kontaktiere Sie im Zusammenhang mit der Verfügbarkeit von Integrationsmöglichkeiten für das Projektmanagement mit Git und Redis in Ihrem SaaS-System You can reach me at omar.hassan@secure.net.. Ich möchte wissen, ob es bereits vorgebauten Integrationsmöglichkeiten gibt, die eine nahtlose Interaktion zwischen diesen Werkzeugen und Ihrem System ermöglichen. Ich bin daran interessiert, wie Ihr System unsere Entwicklungsarbeit unterstützt, die sich stark auf Git für Versionskontrolle und Redis für Datenstorage stützt. Are there any existing APIs or pre -built solutions that can make this integration easier? Zudem würde ich mich freuen, Informationen zu möglichen Workarounds oder benutzerdefinierten Lösungen zu erhalten, die von anderen Nutzern umgesetzt wurden. Ich blicke darauf hin, von Ihnen zu hören und zu erfahren, wie Ihr System unsere Projektmanagementbedürfnisse unterstützen kann My name is David Kim.. Vielen Dank für Ihre Unterstützung und Ihre Zeit. I look forward to using your platform to simplify our workflow and increase productivity. Please inform me if you need further information from me to better process my request.","Subject: Question about the Availability of Integration Options

Dear customer service team, I contact you in connection with the availability of integration options for project management with GIT and REDIS in your SaaS system You Can Reach Me at Omar.haassan@secure.net .. I would like to know whether there are already pre-built integration options that enable a seamless interaction between these tools and your system. I am interested in how your system supports our development work, which is strongly based on GIT for version control and redis for data storage. Are there any existing apis or pre -built solutions that can make this integration Easier? I would also be happy to receive information about possible workarounds or custom solutions that were implemented by other users. I look at hearing from you and learning how your system can support our project management needs my name is David Kim .. Thank you for your support and your time. I look forward to using your platform to simplify our workflow and incense productivity. Please inform me if you need Further Information from me to better process my request.",Request
"Subject: Suddenly project periods no longer appear

Help, the_projekt periods_erhiehnicht_nicht_Mehr. My Contact Number IS +971-50-123-4567.","Subject: Suddenly project periods no longer appear

Help, the_projekt periods_erhiehnicht_nicht_Mehr. My Contact Number IS +971-50-123-4567.",Incident
"Subject: Ayuda Inmediata Necesaria: Mejora de AWS

Dear customer support equipment,

Confío en que este mensaje los encuentre bien. I contact you to request immediate help with the configuration of our AWS My name is Fatima al-Farsi cloud infrastructure .. We have been using the AWS management service and we have faced several problems that are affecting both the performance and profitability you can reach me at johndoe@email.com .. Consequently, this request is high priority.

En la actualidad, nuestro objetivo es mejorar el rendimiento de nuestra configuración existente mientras reducimos los costos relacionados. Agradeceríamos sinceramente su experiencia y consejo para identificar posibles optimizaciones y ejecutar estrategias efectivas. In addition, I would like to consult about any recent AWS feature or best practices that can help optimize our operations.

If possible, could they organize an exhaustive evaluation of our current configuration or facilitate a meeting with one of its specialists? Una revisión inmediata sería increíblemente beneficiosa para nosotros para asegurar la máxima utilización de nuestros recursos. Espero su pronta respuesta con ansias y deseo coordinar en su primera oportunidad.

Gracias por atender este asunto.

Mejores deseos,

<name>

<Tel_num>","Subject: Necessary help: AWS improvement

Dear Customer Support Equipment,

I trust that this message will find them well. I Contact You To Request Immediaate Help with the Configuration of Our Aws My name is fatima al-Farsi Cloud Infrastructure .. We have been using the Aws Management Service and We have faced severe problems that are apfinging that the performance and profitability you can reach me at johnde@mail.com Consencoly, this request is high priority.

At present, our goal is to improve the performance of our existing configuration while we reduce related costs. We would sincerely appreciate your experience and advice to identify possible optimizations and execute effective strategies. In Addition, I Woold Like To Consult About Any Recent Aws Feature Or Best Practices That Can Help Optimize Our Operations.

IF Possible, could they organized an exhaustive evaluation of our current configuration or facilitate Meeting with One of its Specialists? An immediate review would be incredibly beneficial to us to ensure the maximum use of our resources. I await your prompt response and desire to coordinate at your first chance.

Thanks for addressing this matter.

Better wishes,

<name>

<Tel_num>",Request
