original_index,email,type,language
8527,"Subject: Aid needs for securityissue

Es wurde ein autorisierter Zugriff auf medizinische Daten gemeldet, der wahrscheinlich auf einen Mangel an Sicherheitsprotokollen zurückzuführen ist.. My contact number is +33-1-76-88-45-67.",Problem,de
8530,"Subject: 

geehrte Kundenservice, es wurde eine mögliche Datensicherheitslücke gemeldet, die Patientendaten im IT-System des Krankenhauses gefährdet haben. It seems that outdated security protocols and unpatched software vulner -way subscriptions are the cause. A preliminary security analysis was carried out and server protocols were checked. Allerdings bestehen weiterhin Probleme My name is John Doe.. Die Lücke wurde durch Routineüberwachungssysteme erkannt, und ungewöhnliche Aktivitäten im Netzwerk wurden festgestellt You can reach me at janesmith@company.com.. Wir sind besorgt über das mögliche Ausmaß der Versorgung der Patienten und setzen uns darum, das Problem zu beheben. We appreciate your help in the examination and the proposal of measures to prevent similar events.",Problem,de
8532,"Subject: Question about the availability of integration options

Sehr geehrte Kundenservice-Team, ich kontaktiere Sie im Zusammenhang mit der Verfügbarkeit von Integrationsmöglichkeiten für das Projektmanagement mit Git und Redis in Ihrem SaaS-System You can reach me at omar.hassan@secure.net.. Ich möchte wissen, ob es bereits vorgebauten Integrationsmöglichkeiten gibt, die eine nahtlose Interaktion zwischen diesen Werkzeugen und Ihrem System ermöglichen. Ich bin daran interessiert, wie Ihr System unsere Entwicklungsarbeit unterstützt, die sich stark auf Git für Versionskontrolle und Redis für Datenstorage stützt. Are there any existing APIs or pre -built solutions that can make this integration easier? Zudem würde ich mich freuen, Informationen zu möglichen Workarounds oder benutzerdefinierten Lösungen zu erhalten, die von anderen Nutzern umgesetzt wurden. Ich blicke darauf hin, von Ihnen zu hören und zu erfahren, wie Ihr System unsere Projektmanagementbedürfnisse unterstützen kann My name is David Kim.. Vielen Dank für Ihre Unterstützung und Ihre Zeit. I look forward to using your platform to simplify our workflow and increase productivity. Please inform me if you need further information from me to better process my request.",Request,de
15774,"Subject: Suddenly project periods no longer appear

Help, the_projekt periods_erhiehnicht_nicht_Mehr. My Contact Number IS +971-50-123-4567.",Incident,nl
21001,"Subject: Ayuda Inmediata Necesaria: Mejora de AWS

Dear customer support equipment,

Confío en que este mensaje los encuentre bien. I contact you to request immediate help with the configuration of our AWS My name is Fatima al-Farsi cloud infrastructure .. We have been using the AWS management service and we have faced several problems that are affecting both the performance and profitability you can reach me at johndoe@email.com .. Consequently, this request is high priority.

En la actualidad, nuestro objetivo es mejorar el rendimiento de nuestra configuración existente mientras reducimos los costos relacionados. Agradeceríamos sinceramente su experiencia y consejo para identificar posibles optimizaciones y ejecutar estrategias efectivas. In addition, I would like to consult about any recent AWS feature or best practices that can help optimize our operations.

If possible, could they organize an exhaustive evaluation of our current configuration or facilitate a meeting with one of its specialists? Una revisión inmediata sería increíblemente beneficiosa para nosotros para asegurar la máxima utilización de nuestros recursos. Espero su pronta respuesta con ansias y deseo coordinar en su primera oportunidad.

Gracias por atender este asunto.

Mejores deseos,

<name>

<Tel_num>",Request,es
